{
	"AUTOGEN_COMMAND_LINE_LENGTH_MAX" : 32000,
	"BUILD_DIR" : "D:/vpn_win/PBL4---Build-a-VPN-system/build/Desktop_Qt_6_9_3_MinGW_64_bit-Release/vpn_client_win_autogen",
	"CMAKE_BINARY_DIR" : "D:/vpn_win/PBL4---Build-a-VPN-system/build/Desktop_Qt_6_9_3_MinGW_64_bit-Release",
	"CMAKE_CURRENT_BINARY_DIR" : "D:/vpn_win/PBL4---Build-a-VPN-system/build/Desktop_Qt_6_9_3_MinGW_64_bit-Release",
	"CMAKE_CURRENT_SOURCE_DIR" : "D:/vpn_win/PBL4---Build-a-VPN-system",
	"CMAKE_EXECUTABLE" : "D:/Qt/Tools/CMake_64/bin/cmake.exe",
	"CMAKE_LIST_FILES" : 
	[
		"D:/vpn_win/PBL4---Build-a-VPN-system/CMakeLists.txt",
		"D:/vpn_win/PBL4---Build-a-VPN-system/build/Desktop_Qt_6_9_3_MinGW_64_bit-Release/.qtc/package-manager/auto-setup.cmake",
		"D:/Qt/Tools/CMake_64/share/cmake-3.30/Modules/CMakeDetermineSystem.cmake",
		"D:/Qt/Tools/CMake_64/share/cmake-3.30/Modules/CMakeSystem.cmake.in",
		"D:/vpn_win/PBL4---Build-a-VPN-system/build/Desktop_Qt_6_9_3_MinGW_64_bit-Release/CMakeFiles/3.30.5/CMakeSystem.cmake",
		"D:/Qt/Tools/CMake_64/share/cmake-3.30/Modules/CMakeNinjaFindMake.cmake",
		"D:/vpn_win/PBL4---Build-a-VPN-system/build/Desktop_Qt_6_9_3_MinGW_64_bit-Release/.qtc/package-manager/maintenance_tool_provider.cmake",
		"D:/Qt/Tools/CMake_64/share/cmake-3.30/Modules/CMakeSystemSpecificInitialize.cmake",
		"D:/Qt/Tools/CMake_64/share/cmake-3.30/Modules/Platform/Windows-Initialize.cmake",
		"D:/Qt/Tools/CMake_64/share/cmake-3.30/Modules/CMakeDetermineCXXCompiler.cmake",
		"D:/Qt/Tools/CMake_64/share/cmake-3.30/Modules/CMakeDetermineCompiler.cmake",
		"D:/Qt/Tools/CMake_64/share/cmake-3.30/Modules/Platform/Windows-Determine-CXX.cmake",
		"D:/Qt/Tools/CMake_64/share/cmake-3.30/Modules/CMakeDetermineCompilerId.cmake",
		"D:/Qt/Tools/CMake_64/share/cmake-3.30/Modules/CMakeCompilerIdDetection.cmake",
		"D:/Qt/Tools/CMake_64/share/cmake-3.30/Modules/Compiler/ADSP-DetermineCompiler.cmake",
		"D:/Qt/Tools/CMake_64/share/cmake-3.30/Modules/Compiler/ARMCC-DetermineCompiler.cmake",
		"D:/Qt/Tools/CMake_64/share/cmake-3.30/Modules/Compiler/ARMClang-DetermineCompiler.cmake",
		"D:/Qt/Tools/CMake_64/share/cmake-3.30/Modules/Compiler/AppleClang-DetermineCompiler.cmake",
		"D:/Qt/Tools/CMake_64/share/cmake-3.30/Modules/Compiler/Clang-DetermineCompilerInternal.cmake",
		"D:/Qt/Tools/CMake_64/share/cmake-3.30/Modules/Compiler/Borland-DetermineCompiler.cmake",
		"D:/Qt/Tools/CMake_64/share/cmake-3.30/Modules/Compiler/Clang-DetermineCompiler.cmake",
		"D:/Qt/Tools/CMake_64/share/cmake-3.30/Modules/Compiler/Clang-DetermineCompilerInternal.cmake",
		"D:/Qt/Tools/CMake_64/share/cmake-3.30/Modules/Compiler/Compaq-CXX-DetermineCompiler.cmake",
		"D:/Qt/Tools/CMake_64/share/cmake-3.30/Modules/Compiler/Cray-DetermineCompiler.cmake",
		"D:/Qt/Tools/CMake_64/share/cmake-3.30/Modules/Compiler/CrayClang-DetermineCompiler.cmake",
		"D:/Qt/Tools/CMake_64/share/cmake-3.30/Modules/Compiler/Embarcadero-DetermineCompiler.cmake",
		"D:/Qt/Tools/CMake_64/share/cmake-3.30/Modules/Compiler/Fujitsu-DetermineCompiler.cmake",
		"D:/Qt/Tools/CMake_64/share/cmake-3.30/Modules/Compiler/FujitsuClang-DetermineCompiler.cmake",
		"D:/Qt/Tools/CMake_64/share/cmake-3.30/Modules/Compiler/GHS-DetermineCompiler.cmake",
		"D:/Qt/Tools/CMake_64/share/cmake-3.30/Modules/Compiler/GNU-CXX-DetermineCompiler.cmake",
		"D:/Qt/Tools/CMake_64/share/cmake-3.30/Modules/Compiler/HP-CXX-DetermineCompiler.cmake",
		"D:/Qt/Tools/CMake_64/share/cmake-3.30/Modules/Compiler/IAR-DetermineCompiler.cmake",
		"D:/Qt/Tools/CMake_64/share/cmake-3.30/Modules/Compiler/IBMClang-CXX-DetermineCompiler.cmake",
		"D:/Qt/Tools/CMake_64/share/cmake-3.30/Modules/Compiler/Intel-DetermineCompiler.cmake",
		"D:/Qt/Tools/CMake_64/share/cmake-3.30/Modules/Compiler/IntelLLVM-DetermineCompiler.cmake",
		"D:/Qt/Tools/CMake_64/share/cmake-3.30/Modules/Compiler/LCC-CXX-DetermineCompiler.cmake",
		"D:/Qt/Tools/CMake_64/share/cmake-3.30/Modules/Compiler/MSVC-DetermineCompiler.cmake",
		"D:/Qt/Tools/CMake_64/share/cmake-3.30/Modules/Compiler/NVHPC-DetermineCompiler.cmake",
		"D:/Qt/Tools/CMake_64/share/cmake-3.30/Modules/Compiler/NVIDIA-DetermineCompiler.cmake",
		"D:/Qt/Tools/CMake_64/share/cmake-3.30/Modules/Compiler/OpenWatcom-DetermineCompiler.cmake",
		"D:/Qt/Tools/CMake_64/share/cmake-3.30/Modules/Compiler/OrangeC-DetermineCompiler.cmake",
		"D:/Qt/Tools/CMake_64/share/cmake-3.30/Modules/Compiler/PGI-DetermineCompiler.cmake",
		"D:/Qt/Tools/CMake_64/share/cmake-3.30/Modules/Compiler/PathScale-DetermineCompiler.cmake",
		"D:/Qt/Tools/CMake_64/share/cmake-3.30/Modules/Compiler/SCO-DetermineCompiler.cmake",
		"D:/Qt/Tools/CMake_64/share/cmake-3.30/Modules/Compiler/SunPro-CXX-DetermineCompiler.cmake",
		"D:/Qt/Tools/CMake_64/share/cmake-3.30/Modules/Compiler/TI-DetermineCompiler.cmake",
		"D:/Qt/Tools/CMake_64/share/cmake-3.30/Modules/Compiler/TIClang-DetermineCompiler.cmake",
		"D:/Qt/Tools/CMake_64/share/cmake-3.30/Modules/Compiler/Tasking-DetermineCompiler.cmake",
		"D:/Qt/Tools/CMake_64/share/cmake-3.30/Modules/Compiler/VisualAge-CXX-DetermineCompiler.cmake",
		"D:/Qt/Tools/CMake_64/share/cmake-3.30/Modules/Compiler/IBMCPP-CXX-DetermineVersionInternal.cmake",
		"D:/Qt/Tools/CMake_64/share/cmake-3.30/Modules/Compiler/Watcom-DetermineCompiler.cmake",
		"D:/Qt/Tools/CMake_64/share/cmake-3.30/Modules/Compiler/XL-CXX-DetermineCompiler.cmake",
		"D:/Qt/Tools/CMake_64/share/cmake-3.30/Modules/Compiler/IBMCPP-CXX-DetermineVersionInternal.cmake",
		"D:/Qt/Tools/CMake_64/share/cmake-3.30/Modules/Compiler/XLClang-CXX-DetermineCompiler.cmake",
		"D:/Qt/Tools/CMake_64/share/cmake-3.30/Modules/Compiler/zOS-CXX-DetermineCompiler.cmake",
		"D:/Qt/Tools/CMake_64/share/cmake-3.30/Modules/Compiler/IBMCPP-CXX-DetermineVersionInternal.cmake",
		"D:/Qt/Tools/CMake_64/share/cmake-3.30/Modules/CMakeFindBinUtils.cmake",
		"D:/Qt/Tools/CMake_64/share/cmake-3.30/Modules/Compiler/GNU-FindBinUtils.cmake",
		"D:/Qt/Tools/CMake_64/share/cmake-3.30/Modules/CMakeCXXCompiler.cmake.in",
		"D:/vpn_win/PBL4---Build-a-VPN-system/build/Desktop_Qt_6_9_3_MinGW_64_bit-Release/CMakeFiles/3.30.5/CMakeCXXCompiler.cmake",
		"D:/Qt/Tools/CMake_64/share/cmake-3.30/Modules/CMakeSystemSpecificInformation.cmake",
		"D:/Qt/Tools/CMake_64/share/cmake-3.30/Modules/CMakeGenericSystem.cmake",
		"D:/Qt/Tools/CMake_64/share/cmake-3.30/Modules/CMakeInitializeConfigs.cmake",
		"D:/Qt/Tools/CMake_64/share/cmake-3.30/Modules/Platform/Windows.cmake",
		"D:/Qt/Tools/CMake_64/share/cmake-3.30/Modules/Platform/WindowsPaths.cmake",
		"D:/Qt/Tools/CMake_64/share/cmake-3.30/Modules/CMakeCXXInformation.cmake",
		"D:/Qt/Tools/CMake_64/share/cmake-3.30/Modules/CMakeLanguageInformation.cmake",
		"D:/Qt/Tools/CMake_64/share/cmake-3.30/Modules/Compiler/GNU-CXX.cmake",
		"D:/Qt/Tools/CMake_64/share/cmake-3.30/Modules/Compiler/GNU.cmake",
		"D:/Qt/Tools/CMake_64/share/cmake-3.30/Modules/Compiler/CMakeCommonCompilerMacros.cmake",
		"D:/Qt/Tools/CMake_64/share/cmake-3.30/Modules/Platform/Windows-GNU-CXX.cmake",
		"D:/Qt/Tools/CMake_64/share/cmake-3.30/Modules/Platform/Windows-GNU.cmake",
		"D:/Qt/Tools/CMake_64/share/cmake-3.30/Modules/CMakeDetermineRCCompiler.cmake",
		"D:/Qt/Tools/CMake_64/share/cmake-3.30/Modules/CMakeRCCompiler.cmake.in",
		"D:/vpn_win/PBL4---Build-a-VPN-system/build/Desktop_Qt_6_9_3_MinGW_64_bit-Release/CMakeFiles/3.30.5/CMakeRCCompiler.cmake",
		"D:/Qt/Tools/CMake_64/share/cmake-3.30/Modules/CMakeRCInformation.cmake",
		"D:/Qt/Tools/CMake_64/share/cmake-3.30/Modules/Platform/Windows-windres.cmake",
		"D:/Qt/Tools/CMake_64/share/cmake-3.30/Modules/CMakeTestRCCompiler.cmake",
		"D:/Qt/Tools/CMake_64/share/cmake-3.30/Modules/CMakeCommonLanguageInclude.cmake",
		"D:/Qt/Tools/CMake_64/share/cmake-3.30/Modules/CMakeTestCXXCompiler.cmake",
		"D:/Qt/Tools/CMake_64/share/cmake-3.30/Modules/CMakeTestCompilerCommon.cmake",
		"D:/Qt/Tools/CMake_64/share/cmake-3.30/Modules/CMakeDetermineCompilerABI.cmake",
		"D:/Qt/Tools/CMake_64/share/cmake-3.30/Modules/Internal/CMakeDetermineLinkerId.cmake",
		"D:/Qt/Tools/CMake_64/share/cmake-3.30/Modules/CMakeParseImplicitIncludeInfo.cmake",
		"D:/Qt/Tools/CMake_64/share/cmake-3.30/Modules/CMakeParseImplicitLinkInfo.cmake",
		"D:/Qt/Tools/CMake_64/share/cmake-3.30/Modules/CMakeParseLibraryArchitecture.cmake",
		"D:/Qt/Tools/CMake_64/share/cmake-3.30/Modules/CMakeTestCompilerCommon.cmake",
		"D:/Qt/Tools/CMake_64/share/cmake-3.30/Modules/CMakeCXXCompilerABI.cpp",
		"D:/Qt/Tools/CMake_64/share/cmake-3.30/Modules/CMakeDetermineCompilerSupport.cmake",
		"D:/Qt/Tools/CMake_64/share/cmake-3.30/Modules/Internal/FeatureTesting.cmake",
		"D:/Qt/Tools/CMake_64/share/cmake-3.30/Modules/CMakeCXXCompiler.cmake.in",
		"D:/vpn_win/PBL4---Build-a-VPN-system/build/Desktop_Qt_6_9_3_MinGW_64_bit-Release/CMakeFiles/3.30.5/CMakeCXXCompiler.cmake",
		"D:/Qt/Tools/CMake_64/share/cmake-3.30/Modules/Platform/Windows-GNU-CXX-ABI.cmake",
		"D:/Qt/6.9.3/mingw_64/lib/cmake/Qt6/Qt6ConfigVersion.cmake",
		"D:/Qt/6.9.3/mingw_64/lib/cmake/Qt6/Qt6ConfigVersionImpl.cmake",
		"D:/Qt/6.9.3/mingw_64/lib/cmake/Qt6/Qt6Config.cmake",
		"D:/Qt/6.9.3/mingw_64/lib/cmake/Qt6/QtPublicCMakeEarlyPolicyHelpers.cmake",
		"D:/Qt/6.9.3/mingw_64/lib/cmake/Qt6/Qt6ConfigExtras.cmake",
		"D:/Qt/6.9.3/mingw_64/lib/cmake/Qt6/QtPublicCMakeVersionHelpers.cmake",
		"D:/Qt/6.9.3/mingw_64/lib/cmake/Qt6/QtPublicCMakeHelpers.cmake",
		"D:/Qt/6.9.3/mingw_64/lib/cmake/Qt6/QtInstallPaths.cmake",
		"D:/Qt/6.9.3/mingw_64/lib/cmake/Qt6/Qt6Targets.cmake",
		"D:/Qt/6.9.3/mingw_64/lib/cmake/Qt6/Qt6VersionlessAliasTargets.cmake",
		"D:/Qt/6.9.3/mingw_64/lib/cmake/Qt6/QtFeature.cmake",
		"D:/Qt/Tools/CMake_64/share/cmake-3.30/Modules/CheckCXXCompilerFlag.cmake",
		"D:/Qt/Tools/CMake_64/share/cmake-3.30/Modules/Internal/CheckCompilerFlag.cmake",
		"D:/Qt/Tools/CMake_64/share/cmake-3.30/Modules/Internal/CheckFlagCommonConfig.cmake",
		"D:/Qt/Tools/CMake_64/share/cmake-3.30/Modules/Internal/CheckSourceCompiles.cmake",
		"D:/Qt/Tools/CMake_64/share/cmake-3.30/Modules/CMakeCheckCompilerFlagCommonPatterns.cmake",
		"D:/Qt/Tools/CMake_64/share/cmake-3.30/Modules/CheckCXXSourceCompiles.cmake",
		"D:/Qt/Tools/CMake_64/share/cmake-3.30/Modules/Internal/CheckSourceCompiles.cmake",
		"D:/Qt/6.9.3/mingw_64/lib/cmake/Qt6/QtFeatureCommon.cmake",
		"D:/Qt/6.9.3/mingw_64/lib/cmake/Qt6/QtPublicAndroidHelpers.cmake",
		"D:/Qt/6.9.3/mingw_64/lib/cmake/Qt6/QtPublicAppleHelpers.cmake",
		"D:/Qt/6.9.3/mingw_64/lib/cmake/Qt6/QtPublicCMakeHelpers.cmake",
		"D:/Qt/6.9.3/mingw_64/lib/cmake/Qt6/QtPublicCMakeVersionHelpers.cmake",
		"D:/Qt/6.9.3/mingw_64/lib/cmake/Qt6/QtPublicDependencyHelpers.cmake",
		"D:/Qt/6.9.3/mingw_64/lib/cmake/Qt6/QtPublicExternalProjectHelpers.cmake",
		"D:/Qt/6.9.3/mingw_64/lib/cmake/Qt6/QtPublicFinalizerHelpers.cmake",
		"D:/Qt/6.9.3/mingw_64/lib/cmake/Qt6/QtPublicFindPackageHelpers.cmake",
		"D:/Qt/6.9.3/mingw_64/lib/cmake/Qt6/QtPublicGitHelpers.cmake",
		"D:/Qt/6.9.3/mingw_64/lib/cmake/Qt6/QtPublicPluginHelpers.cmake",
		"D:/Qt/6.9.3/mingw_64/lib/cmake/Qt6/QtPublicPluginHelpers_v2.cmake",
		"D:/Qt/6.9.3/mingw_64/lib/cmake/Qt6/QtPublicSbomAttributionHelpers.cmake",
		"D:/Qt/6.9.3/mingw_64/lib/cmake/Qt6/QtPublicSbomCpeHelpers.cmake",
		"D:/Qt/6.9.3/mingw_64/lib/cmake/Qt6/QtPublicSbomDepHelpers.cmake",
		"D:/Qt/6.9.3/mingw_64/lib/cmake/Qt6/QtPublicSbomFileHelpers.cmake",
		"D:/Qt/6.9.3/mingw_64/lib/cmake/Qt6/QtPublicSbomGenerationHelpers.cmake",
		"D:/Qt/6.9.3/mingw_64/lib/cmake/Qt6/QtPublicSbomHelpers.cmake",
		"D:/Qt/6.9.3/mingw_64/lib/cmake/Qt6/QtPublicSbomLicenseHelpers.cmake",
		"D:/Qt/6.9.3/mingw_64/lib/cmake/Qt6/QtPublicSbomOpsHelpers.cmake",
		"D:/Qt/6.9.3/mingw_64/lib/cmake/Qt6/QtPublicSbomPurlHelpers.cmake",
		"D:/Qt/6.9.3/mingw_64/lib/cmake/Qt6/QtPublicSbomPythonHelpers.cmake",
		"D:/Qt/6.9.3/mingw_64/lib/cmake/Qt6/QtPublicSbomQtEntityHelpers.cmake",
		"D:/Qt/6.9.3/mingw_64/lib/cmake/Qt6/QtPublicSbomSystemDepHelpers.cmake",
		"D:/Qt/6.9.3/mingw_64/lib/cmake/Qt6/QtPublicTargetHelpers.cmake",
		"D:/Qt/6.9.3/mingw_64/lib/cmake/Qt6/QtPublicTestHelpers.cmake",
		"D:/Qt/6.9.3/mingw_64/lib/cmake/Qt6/QtPublicToolHelpers.cmake",
		"D:/Qt/6.9.3/mingw_64/lib/cmake/Qt6/QtPublicWalkLibsHelpers.cmake",
		"D:/Qt/6.9.3/mingw_64/lib/cmake/Qt6/QtPublicWindowsHelpers.cmake",
		"D:/Qt/Tools/CMake_64/share/cmake-3.30/Modules/CMakeFindDependencyMacro.cmake",
		"D:/Qt/6.9.3/mingw_64/lib/cmake/Qt6/Qt6Dependencies.cmake",
		"D:/Qt/Tools/CMake_64/share/cmake-3.30/Modules/FindThreads.cmake",
		"D:/Qt/Tools/CMake_64/share/cmake-3.30/Modules/CheckLibraryExists.cmake",
		"D:/Qt/Tools/CMake_64/share/cmake-3.30/Modules/CheckIncludeFileCXX.cmake",
		"D:/Qt/Tools/CMake_64/share/cmake-3.30/Modules/CheckCXXSourceCompiles.cmake",
		"D:/Qt/Tools/CMake_64/share/cmake-3.30/Modules/FindPackageHandleStandardArgs.cmake",
		"D:/Qt/Tools/CMake_64/share/cmake-3.30/Modules/FindPackageMessage.cmake",
		"D:/Qt/6.9.3/mingw_64/lib/cmake/Qt6Widgets/Qt6WidgetsConfigVersion.cmake",
		"D:/Qt/6.9.3/mingw_64/lib/cmake/Qt6Widgets/Qt6WidgetsConfigVersionImpl.cmake",
		"D:/Qt/6.9.3/mingw_64/lib/cmake/Qt6Widgets/Qt6WidgetsConfig.cmake",
		"D:/Qt/Tools/CMake_64/share/cmake-3.30/Modules/CMakeFindDependencyMacro.cmake",
		"D:/Qt/6.9.3/mingw_64/lib/cmake/Qt6Widgets/Qt6WidgetsDependencies.cmake",
		"D:/Qt/6.9.3/mingw_64/lib/cmake/Qt6WidgetsTools/Qt6WidgetsToolsConfigVersion.cmake",
		"D:/Qt/6.9.3/mingw_64/lib/cmake/Qt6WidgetsTools/Qt6WidgetsToolsConfigVersionImpl.cmake",
		"D:/Qt/6.9.3/mingw_64/lib/cmake/Qt6WidgetsTools/Qt6WidgetsToolsConfig.cmake",
		"D:/Qt/Tools/CMake_64/share/cmake-3.30/Modules/CMakeFindDependencyMacro.cmake",
		"D:/Qt/6.9.3/mingw_64/lib/cmake/Qt6WidgetsTools/Qt6WidgetsToolsDependencies.cmake",
		"D:/Qt/6.9.3/mingw_64/lib/cmake/Qt6CoreTools/Qt6CoreToolsConfigVersion.cmake",
		"D:/Qt/6.9.3/mingw_64/lib/cmake/Qt6CoreTools/Qt6CoreToolsConfigVersionImpl.cmake",
		"D:/Qt/6.9.3/mingw_64/lib/cmake/Qt6CoreTools/Qt6CoreToolsConfig.cmake",
		"D:/Qt/Tools/CMake_64/share/cmake-3.30/Modules/CMakeFindDependencyMacro.cmake",
		"D:/Qt/6.9.3/mingw_64/lib/cmake/Qt6CoreTools/Qt6CoreToolsDependencies.cmake",
		"D:/Qt/6.9.3/mingw_64/lib/cmake/Qt6CoreTools/Qt6CoreToolsTargets.cmake",
		"D:/Qt/6.9.3/mingw_64/lib/cmake/Qt6CoreTools/Qt6CoreToolsTargets-relwithdebinfo.cmake",
		"D:/Qt/6.9.3/mingw_64/lib/cmake/Qt6CoreTools/Qt6CoreToolsAdditionalTargetInfo.cmake",
		"D:/Qt/6.9.3/mingw_64/lib/cmake/Qt6CoreTools/Qt6CoreToolsVersionlessTargets.cmake",
		"D:/Qt/6.9.3/mingw_64/lib/cmake/Qt6GuiTools/Qt6GuiToolsConfigVersion.cmake",
		"D:/Qt/6.9.3/mingw_64/lib/cmake/Qt6GuiTools/Qt6GuiToolsConfigVersionImpl.cmake",
		"D:/Qt/6.9.3/mingw_64/lib/cmake/Qt6GuiTools/Qt6GuiToolsConfig.cmake",
		"D:/Qt/Tools/CMake_64/share/cmake-3.30/Modules/CMakeFindDependencyMacro.cmake",
		"D:/Qt/6.9.3/mingw_64/lib/cmake/Qt6GuiTools/Qt6GuiToolsDependencies.cmake",
		"D:/Qt/6.9.3/mingw_64/lib/cmake/Qt6CoreTools/Qt6CoreToolsConfigVersion.cmake",
		"D:/Qt/6.9.3/mingw_64/lib/cmake/Qt6CoreTools/Qt6CoreToolsConfigVersionImpl.cmake",
		"D:/Qt/6.9.3/mingw_64/lib/cmake/Qt6CoreTools/Qt6CoreToolsConfig.cmake",
		"D:/Qt/Tools/CMake_64/share/cmake-3.30/Modules/CMakeFindDependencyMacro.cmake",
		"D:/Qt/6.9.3/mingw_64/lib/cmake/Qt6CoreTools/Qt6CoreToolsDependencies.cmake",
		"D:/Qt/6.9.3/mingw_64/lib/cmake/Qt6CoreTools/Qt6CoreToolsTargets.cmake",
		"D:/Qt/6.9.3/mingw_64/lib/cmake/Qt6CoreTools/Qt6CoreToolsAdditionalTargetInfo.cmake",
		"D:/Qt/6.9.3/mingw_64/lib/cmake/Qt6CoreTools/Qt6CoreToolsVersionlessTargets.cmake",
		"D:/Qt/6.9.3/mingw_64/lib/cmake/Qt6GuiTools/Qt6GuiToolsTargets.cmake",
		"D:/Qt/6.9.3/mingw_64/lib/cmake/Qt6GuiTools/Qt6GuiToolsTargets-relwithdebinfo.cmake",
		"D:/Qt/6.9.3/mingw_64/lib/cmake/Qt6GuiTools/Qt6GuiToolsAdditionalTargetInfo.cmake",
		"D:/Qt/6.9.3/mingw_64/lib/cmake/Qt6GuiTools/Qt6GuiToolsVersionlessTargets.cmake",
		"D:/Qt/6.9.3/mingw_64/lib/cmake/Qt6WidgetsTools/Qt6WidgetsToolsTargets.cmake",
		"D:/Qt/6.9.3/mingw_64/lib/cmake/Qt6WidgetsTools/Qt6WidgetsToolsTargets-relwithdebinfo.cmake",
		"D:/Qt/6.9.3/mingw_64/lib/cmake/Qt6WidgetsTools/Qt6WidgetsToolsAdditionalTargetInfo.cmake",
		"D:/Qt/6.9.3/mingw_64/lib/cmake/Qt6WidgetsTools/Qt6WidgetsToolsVersionlessTargets.cmake",
		"D:/Qt/6.9.3/mingw_64/lib/cmake/Qt6Core/Qt6CoreConfigVersion.cmake",
		"D:/Qt/6.9.3/mingw_64/lib/cmake/Qt6Core/Qt6CoreConfigVersionImpl.cmake",
		"D:/Qt/6.9.3/mingw_64/lib/cmake/Qt6Core/Qt6CoreConfig.cmake",
		"D:/Qt/Tools/CMake_64/share/cmake-3.30/Modules/CMakeFindDependencyMacro.cmake",
		"D:/Qt/6.9.3/mingw_64/lib/cmake/Qt6Core/Qt6CoreDependencies.cmake",
		"D:/Qt/6.9.3/mingw_64/lib/cmake/Qt6/FindWrapAtomic.cmake",
		"D:/Qt/Tools/CMake_64/share/cmake-3.30/Modules/CheckCXXSourceCompiles.cmake",
		"D:/Qt/Tools/CMake_64/share/cmake-3.30/Modules/FindPackageHandleStandardArgs.cmake",
		"D:/Qt/Tools/CMake_64/share/cmake-3.30/Modules/FindPackageMessage.cmake",
		"D:/Qt/6.9.3/mingw_64/lib/cmake/Qt6CoreTools/Qt6CoreToolsConfigVersion.cmake",
		"D:/Qt/6.9.3/mingw_64/lib/cmake/Qt6CoreTools/Qt6CoreToolsConfigVersionImpl.cmake",
		"D:/Qt/6.9.3/mingw_64/lib/cmake/Qt6CoreTools/Qt6CoreToolsConfig.cmake",
		"D:/Qt/Tools/CMake_64/share/cmake-3.30/Modules/CMakeFindDependencyMacro.cmake",
		"D:/Qt/6.9.3/mingw_64/lib/cmake/Qt6CoreTools/Qt6CoreToolsDependencies.cmake",
		"D:/Qt/6.9.3/mingw_64/lib/cmake/Qt6CoreTools/Qt6CoreToolsTargets.cmake",
		"D:/Qt/6.9.3/mingw_64/lib/cmake/Qt6CoreTools/Qt6CoreToolsAdditionalTargetInfo.cmake",
		"D:/Qt/6.9.3/mingw_64/lib/cmake/Qt6CoreTools/Qt6CoreToolsVersionlessTargets.cmake",
		"D:/Qt/6.9.3/mingw_64/lib/cmake/Qt6ZlibPrivate/Qt6ZlibPrivateConfigVersion.cmake",
		"D:/Qt/6.9.3/mingw_64/lib/cmake/Qt6ZlibPrivate/Qt6ZlibPrivateConfigVersionImpl.cmake",
		"D:/Qt/6.9.3/mingw_64/lib/cmake/Qt6ZlibPrivate/Qt6ZlibPrivateConfig.cmake",
		"D:/Qt/Tools/CMake_64/share/cmake-3.30/Modules/CMakeFindDependencyMacro.cmake",
		"D:/Qt/6.9.3/mingw_64/lib/cmake/Qt6ZlibPrivate/Qt6ZlibPrivateTargets.cmake",
		"D:/Qt/6.9.3/mingw_64/lib/cmake/Qt6ZlibPrivate/Qt6ZlibPrivateAdditionalTargetInfo.cmake",
		"D:/Qt/6.9.3/mingw_64/lib/cmake/Qt6ZlibPrivate/Qt6ZlibPrivateVersionlessAliasTargets.cmake",
		"D:/Qt/6.9.3/mingw_64/lib/cmake/Qt6EntryPointPrivate/Qt6EntryPointPrivateConfigVersion.cmake",
		"D:/Qt/6.9.3/mingw_64/lib/cmake/Qt6EntryPointPrivate/Qt6EntryPointPrivateConfigVersionImpl.cmake",
		"D:/Qt/6.9.3/mingw_64/lib/cmake/Qt6EntryPointPrivate/Qt6EntryPointPrivateConfig.cmake",
		"D:/Qt/Tools/CMake_64/share/cmake-3.30/Modules/CMakeFindDependencyMacro.cmake",
		"D:/Qt/6.9.3/mingw_64/lib/cmake/Qt6EntryPointPrivate/Qt6EntryPointPrivateTargets.cmake",
		"D:/Qt/6.9.3/mingw_64/lib/cmake/Qt6EntryPointPrivate/Qt6EntryPointPrivateTargets-relwithdebinfo.cmake",
		"D:/Qt/6.9.3/mingw_64/lib/cmake/Qt6EntryPointPrivate/Qt6EntryPointPrivateAdditionalTargetInfo.cmake",
		"D:/Qt/6.9.3/mingw_64/lib/cmake/Qt6EntryPointPrivate/Qt6EntryPointMinGW32Target.cmake",
		"D:/Qt/6.9.3/mingw_64/lib/cmake/Qt6EntryPointPrivate/Qt6EntryPointPrivateVersionlessAliasTargets.cmake",
		"D:/Qt/6.9.3/mingw_64/lib/cmake/Qt6Core/Qt6CoreTargets.cmake",
		"D:/Qt/6.9.3/mingw_64/lib/cmake/Qt6Core/Qt6CoreTargets-relwithdebinfo.cmake",
		"D:/Qt/6.9.3/mingw_64/lib/cmake/Qt6Core/Qt6CoreAdditionalTargetInfo.cmake",
		"D:/Qt/6.9.3/mingw_64/lib/cmake/Qt6CorePrivate/Qt6CorePrivateConfigVersion.cmake",
		"D:/Qt/6.9.3/mingw_64/lib/cmake/Qt6CorePrivate/Qt6CorePrivateConfigVersionImpl.cmake",
		"D:/Qt/6.9.3/mingw_64/lib/cmake/Qt6CorePrivate/Qt6CorePrivateConfig.cmake",
		"D:/Qt/Tools/CMake_64/share/cmake-3.30/Modules/CMakeFindDependencyMacro.cmake",
		"D:/Qt/6.9.3/mingw_64/lib/cmake/Qt6CorePrivate/Qt6CorePrivateDependencies.cmake",
		"D:/Qt/6.9.3/mingw_64/lib/cmake/Qt6CorePrivate/Qt6CorePrivateTargets.cmake",
		"D:/Qt/6.9.3/mingw_64/lib/cmake/Qt6CorePrivate/Qt6CorePrivateAdditionalTargetInfo.cmake",
		"D:/Qt/6.9.3/mingw_64/lib/cmake/Qt6CorePrivate/Qt6CorePrivateVersionlessAliasTargets.cmake",
		"D:/Qt/6.9.3/mingw_64/lib/cmake/Qt6Core/Qt6CoreMacros.cmake",
		"D:/Qt/6.9.3/mingw_64/lib/cmake/Qt6Core/Qt6CoreConfigExtras.cmake",
		"D:/Qt/Tools/CMake_64/share/cmake-3.30/Modules/GNUInstallDirs.cmake",
		"D:/Qt/6.9.3/mingw_64/lib/cmake/Qt6Core/Qt6CoreVersionlessAliasTargets.cmake",
		"D:/Qt/6.9.3/mingw_64/lib/cmake/Qt6Gui/Qt6GuiConfigVersion.cmake",
		"D:/Qt/6.9.3/mingw_64/lib/cmake/Qt6Gui/Qt6GuiConfigVersionImpl.cmake",
		"D:/Qt/6.9.3/mingw_64/lib/cmake/Qt6Gui/Qt6GuiConfig.cmake",
		"D:/Qt/Tools/CMake_64/share/cmake-3.30/Modules/CMakeFindDependencyMacro.cmake",
		"D:/Qt/6.9.3/mingw_64/lib/cmake/Qt6Gui/Qt6GuiDependencies.cmake",
		"D:/Qt/6.9.3/mingw_64/lib/cmake/Qt6/FindWrapVulkanHeaders.cmake",
		"D:/Qt/Tools/CMake_64/share/cmake-3.30/Modules/FindVulkan.cmake",
		"D:/Qt/Tools/CMake_64/share/cmake-3.30/Modules/FindPackageHandleStandardArgs.cmake",
		"D:/Qt/Tools/CMake_64/share/cmake-3.30/Modules/FindPackageMessage.cmake",
		"D:/Qt/Tools/CMake_64/share/cmake-3.30/Modules/FindVulkan.cmake",
		"D:/Qt/Tools/CMake_64/share/cmake-3.30/Modules/FindPackageHandleStandardArgs.cmake",
		"D:/Qt/Tools/CMake_64/share/cmake-3.30/Modules/FindPackageMessage.cmake",
		"D:/Qt/Tools/CMake_64/share/cmake-3.30/Modules/FindPackageHandleStandardArgs.cmake",
		"D:/Qt/Tools/CMake_64/share/cmake-3.30/Modules/FindPackageMessage.cmake",
		"D:/Qt/6.9.3/mingw_64/lib/cmake/Qt6/FindWrapVulkanHeaders.cmake",
		"D:/Qt/Tools/CMake_64/share/cmake-3.30/Modules/FindVulkan.cmake",
		"D:/Qt/Tools/CMake_64/share/cmake-3.30/Modules/FindPackageHandleStandardArgs.cmake",
		"D:/Qt/Tools/CMake_64/share/cmake-3.30/Modules/FindPackageMessage.cmake",
		"D:/Qt/Tools/CMake_64/share/cmake-3.30/Modules/FindVulkan.cmake",
		"D:/Qt/Tools/CMake_64/share/cmake-3.30/Modules/FindPackageHandleStandardArgs.cmake",
		"D:/Qt/Tools/CMake_64/share/cmake-3.30/Modules/FindPackageMessage.cmake",
		"D:/Qt/Tools/CMake_64/share/cmake-3.30/Modules/FindPackageHandleStandardArgs.cmake",
		"D:/Qt/Tools/CMake_64/share/cmake-3.30/Modules/FindPackageMessage.cmake",
		"D:/Qt/6.9.3/mingw_64/lib/cmake/Qt6GuiTools/Qt6GuiToolsConfigVersion.cmake",
		"D:/Qt/6.9.3/mingw_64/lib/cmake/Qt6GuiTools/Qt6GuiToolsConfigVersionImpl.cmake",
		"D:/Qt/6.9.3/mingw_64/lib/cmake/Qt6GuiTools/Qt6GuiToolsConfig.cmake",
		"D:/Qt/Tools/CMake_64/share/cmake-3.30/Modules/CMakeFindDependencyMacro.cmake",
		"D:/Qt/6.9.3/mingw_64/lib/cmake/Qt6GuiTools/Qt6GuiToolsDependencies.cmake",
		"D:/Qt/6.9.3/mingw_64/lib/cmake/Qt6CoreTools/Qt6CoreToolsConfigVersion.cmake",
		"D:/Qt/6.9.3/mingw_64/lib/cmake/Qt6CoreTools/Qt6CoreToolsConfigVersionImpl.cmake",
		"D:/Qt/6.9.3/mingw_64/lib/cmake/Qt6CoreTools/Qt6CoreToolsConfig.cmake",
		"D:/Qt/Tools/CMake_64/share/cmake-3.30/Modules/CMakeFindDependencyMacro.cmake",
		"D:/Qt/6.9.3/mingw_64/lib/cmake/Qt6CoreTools/Qt6CoreToolsDependencies.cmake",
		"D:/Qt/6.9.3/mingw_64/lib/cmake/Qt6CoreTools/Qt6CoreToolsTargets.cmake",
		"D:/Qt/6.9.3/mingw_64/lib/cmake/Qt6CoreTools/Qt6CoreToolsAdditionalTargetInfo.cmake",
		"D:/Qt/6.9.3/mingw_64/lib/cmake/Qt6CoreTools/Qt6CoreToolsVersionlessTargets.cmake",
		"D:/Qt/6.9.3/mingw_64/lib/cmake/Qt6GuiTools/Qt6GuiToolsTargets.cmake",
		"D:/Qt/6.9.3/mingw_64/lib/cmake/Qt6GuiTools/Qt6GuiToolsAdditionalTargetInfo.cmake",
		"D:/Qt/6.9.3/mingw_64/lib/cmake/Qt6GuiTools/Qt6GuiToolsVersionlessTargets.cmake",
		"D:/Qt/6.9.3/mingw_64/lib/cmake/Qt6Gui/Qt6GuiTargets.cmake",
		"D:/Qt/6.9.3/mingw_64/lib/cmake/Qt6Gui/Qt6GuiTargets-relwithdebinfo.cmake",
		"D:/Qt/6.9.3/mingw_64/lib/cmake/Qt6Gui/Qt6GuiAdditionalTargetInfo.cmake",
		"D:/Qt/6.9.3/mingw_64/lib/cmake/Qt6GuiPrivate/Qt6GuiPrivateConfigVersion.cmake",
		"D:/Qt/6.9.3/mingw_64/lib/cmake/Qt6GuiPrivate/Qt6GuiPrivateConfigVersionImpl.cmake",
		"D:/Qt/6.9.3/mingw_64/lib/cmake/Qt6GuiPrivate/Qt6GuiPrivateConfig.cmake",
		"D:/Qt/Tools/CMake_64/share/cmake-3.30/Modules/CMakeFindDependencyMacro.cmake",
		"D:/Qt/6.9.3/mingw_64/lib/cmake/Qt6GuiPrivate/Qt6GuiPrivateDependencies.cmake",
		"D:/Qt/6.9.3/mingw_64/lib/cmake/Qt6GuiPrivate/Qt6GuiPrivateTargets.cmake",
		"D:/Qt/6.9.3/mingw_64/lib/cmake/Qt6GuiPrivate/Qt6GuiPrivateAdditionalTargetInfo.cmake",
		"D:/Qt/6.9.3/mingw_64/lib/cmake/Qt6GuiPrivate/Qt6GuiPrivateVersionlessAliasTargets.cmake",
		"D:/Qt/6.9.3/mingw_64/lib/cmake/Qt6Gui/Qt6GuiPlugins.cmake",
		"D:/Qt/6.9.3/mingw_64/lib/cmake/Qt6Gui/Qt6QGifPluginConfig.cmake",
		"D:/Qt/Tools/CMake_64/share/cmake-3.30/Modules/CMakeFindDependencyMacro.cmake",
		"D:/Qt/6.9.3/mingw_64/lib/cmake/Qt6Gui/Qt6QGifPluginTargets.cmake",
		"D:/Qt/6.9.3/mingw_64/lib/cmake/Qt6Gui/Qt6QGifPluginTargets-relwithdebinfo.cmake",
		"D:/Qt/6.9.3/mingw_64/lib/cmake/Qt6Gui/Qt6QGifPluginAdditionalTargetInfo.cmake",
		"D:/Qt/6.9.3/mingw_64/lib/cmake/Qt6Gui/Qt6QICOPluginConfig.cmake",
		"D:/Qt/Tools/CMake_64/share/cmake-3.30/Modules/CMakeFindDependencyMacro.cmake",
		"D:/Qt/6.9.3/mingw_64/lib/cmake/Qt6Gui/Qt6QICOPluginTargets.cmake",
		"D:/Qt/6.9.3/mingw_64/lib/cmake/Qt6Gui/Qt6QICOPluginTargets-relwithdebinfo.cmake",
		"D:/Qt/6.9.3/mingw_64/lib/cmake/Qt6Gui/Qt6QICOPluginAdditionalTargetInfo.cmake",
		"D:/Qt/6.9.3/mingw_64/lib/cmake/Qt6Gui/Qt6QJpegPluginConfig.cmake",
		"D:/Qt/Tools/CMake_64/share/cmake-3.30/Modules/CMakeFindDependencyMacro.cmake",
		"D:/Qt/6.9.3/mingw_64/lib/cmake/Qt6Gui/Qt6QJpegPluginTargets.cmake",
		"D:/Qt/6.9.3/mingw_64/lib/cmake/Qt6Gui/Qt6QJpegPluginTargets-relwithdebinfo.cmake",
		"D:/Qt/6.9.3/mingw_64/lib/cmake/Qt6Gui/Qt6QJpegPluginAdditionalTargetInfo.cmake",
		"D:/Qt/6.9.3/mingw_64/lib/cmake/Qt6Gui/Qt6QMinimalIntegrationPluginConfig.cmake",
		"D:/Qt/Tools/CMake_64/share/cmake-3.30/Modules/CMakeFindDependencyMacro.cmake",
		"D:/Qt/6.9.3/mingw_64/lib/cmake/Qt6Gui/Qt6QMinimalIntegrationPluginTargets.cmake",
		"D:/Qt/6.9.3/mingw_64/lib/cmake/Qt6Gui/Qt6QMinimalIntegrationPluginTargets-relwithdebinfo.cmake",
		"D:/Qt/6.9.3/mingw_64/lib/cmake/Qt6Gui/Qt6QMinimalIntegrationPluginAdditionalTargetInfo.cmake",
		"D:/Qt/6.9.3/mingw_64/lib/cmake/Qt6Gui/Qt6QOffscreenIntegrationPluginConfig.cmake",
		"D:/Qt/Tools/CMake_64/share/cmake-3.30/Modules/CMakeFindDependencyMacro.cmake",
		"D:/Qt/6.9.3/mingw_64/lib/cmake/Qt6Gui/Qt6QOffscreenIntegrationPluginTargets.cmake",
		"D:/Qt/6.9.3/mingw_64/lib/cmake/Qt6Gui/Qt6QOffscreenIntegrationPluginTargets-relwithdebinfo.cmake",
		"D:/Qt/6.9.3/mingw_64/lib/cmake/Qt6Gui/Qt6QOffscreenIntegrationPluginAdditionalTargetInfo.cmake",
		"D:/Qt/6.9.3/mingw_64/lib/cmake/Qt6Gui/Qt6QSvgIconPluginConfig.cmake",
		"D:/Qt/Tools/CMake_64/share/cmake-3.30/Modules/CMakeFindDependencyMacro.cmake",
		"D:/Qt/6.9.3/mingw_64/lib/cmake/Qt6Gui/Qt6QSvgIconPluginTargets.cmake",
		"D:/Qt/6.9.3/mingw_64/lib/cmake/Qt6Gui/Qt6QSvgIconPluginTargets-relwithdebinfo.cmake",
		"D:/Qt/6.9.3/mingw_64/lib/cmake/Qt6Gui/Qt6QSvgIconPluginAdditionalTargetInfo.cmake",
		"D:/Qt/6.9.3/mingw_64/lib/cmake/Qt6Gui/Qt6QSvgPluginConfig.cmake",
		"D:/Qt/Tools/CMake_64/share/cmake-3.30/Modules/CMakeFindDependencyMacro.cmake",
		"D:/Qt/6.9.3/mingw_64/lib/cmake/Qt6Gui/Qt6QSvgPluginTargets.cmake",
		"D:/Qt/6.9.3/mingw_64/lib/cmake/Qt6Gui/Qt6QSvgPluginTargets-relwithdebinfo.cmake",
		"D:/Qt/6.9.3/mingw_64/lib/cmake/Qt6Gui/Qt6QSvgPluginAdditionalTargetInfo.cmake",
		"D:/Qt/6.9.3/mingw_64/lib/cmake/Qt6Gui/Qt6QTuioTouchPluginConfig.cmake",
		"D:/Qt/Tools/CMake_64/share/cmake-3.30/Modules/CMakeFindDependencyMacro.cmake",
		"D:/Qt/6.9.3/mingw_64/lib/cmake/Qt6Gui/Qt6QTuioTouchPluginTargets.cmake",
		"D:/Qt/6.9.3/mingw_64/lib/cmake/Qt6Gui/Qt6QTuioTouchPluginTargets-relwithdebinfo.cmake",
		"D:/Qt/6.9.3/mingw_64/lib/cmake/Qt6Gui/Qt6QTuioTouchPluginAdditionalTargetInfo.cmake",
		"D:/Qt/6.9.3/mingw_64/lib/cmake/Qt6Gui/Qt6QWindowsDirect2DIntegrationPluginConfig.cmake",
		"D:/Qt/Tools/CMake_64/share/cmake-3.30/Modules/CMakeFindDependencyMacro.cmake",
		"D:/Qt/6.9.3/mingw_64/lib/cmake/Qt6Gui/Qt6QWindowsDirect2DIntegrationPluginTargets.cmake",
		"D:/Qt/6.9.3/mingw_64/lib/cmake/Qt6Gui/Qt6QWindowsDirect2DIntegrationPluginTargets-relwithdebinfo.cmake",
		"D:/Qt/6.9.3/mingw_64/lib/cmake/Qt6Gui/Qt6QWindowsDirect2DIntegrationPluginAdditionalTargetInfo.cmake",
		"D:/Qt/6.9.3/mingw_64/lib/cmake/Qt6Gui/Qt6QWindowsIntegrationPluginConfig.cmake",
		"D:/Qt/Tools/CMake_64/share/cmake-3.30/Modules/CMakeFindDependencyMacro.cmake",
		"D:/Qt/6.9.3/mingw_64/lib/cmake/Qt6Gui/Qt6QWindowsIntegrationPluginTargets.cmake",
		"D:/Qt/6.9.3/mingw_64/lib/cmake/Qt6Gui/Qt6QWindowsIntegrationPluginTargets-relwithdebinfo.cmake",
		"D:/Qt/6.9.3/mingw_64/lib/cmake/Qt6Gui/Qt6QWindowsIntegrationPluginAdditionalTargetInfo.cmake",
		"D:/Qt/6.9.3/mingw_64/lib/cmake/Qt6Gui/Qt6GuiVersionlessAliasTargets.cmake",
		"D:/Qt/6.9.3/mingw_64/lib/cmake/Qt6Widgets/Qt6WidgetsTargets.cmake",
		"D:/Qt/6.9.3/mingw_64/lib/cmake/Qt6Widgets/Qt6WidgetsTargets-relwithdebinfo.cmake",
		"D:/Qt/6.9.3/mingw_64/lib/cmake/Qt6Widgets/Qt6WidgetsAdditionalTargetInfo.cmake",
		"D:/Qt/6.9.3/mingw_64/lib/cmake/Qt6WidgetsPrivate/Qt6WidgetsPrivateConfigVersion.cmake",
		"D:/Qt/6.9.3/mingw_64/lib/cmake/Qt6WidgetsPrivate/Qt6WidgetsPrivateConfigVersionImpl.cmake",
		"D:/Qt/6.9.3/mingw_64/lib/cmake/Qt6WidgetsPrivate/Qt6WidgetsPrivateConfig.cmake",
		"D:/Qt/Tools/CMake_64/share/cmake-3.30/Modules/CMakeFindDependencyMacro.cmake",
		"D:/Qt/6.9.3/mingw_64/lib/cmake/Qt6WidgetsPrivate/Qt6WidgetsPrivateDependencies.cmake",
		"D:/Qt/6.9.3/mingw_64/lib/cmake/Qt6WidgetsPrivate/Qt6WidgetsPrivateTargets.cmake",
		"D:/Qt/6.9.3/mingw_64/lib/cmake/Qt6WidgetsPrivate/Qt6WidgetsPrivateAdditionalTargetInfo.cmake",
		"D:/Qt/6.9.3/mingw_64/lib/cmake/Qt6WidgetsPrivate/Qt6WidgetsPrivateVersionlessAliasTargets.cmake",
		"D:/Qt/6.9.3/mingw_64/lib/cmake/Qt6Widgets/Qt6WidgetsMacros.cmake",
		"D:/Qt/6.9.3/mingw_64/lib/cmake/Qt6Widgets/Qt6WidgetsPlugins.cmake",
		"D:/Qt/6.9.3/mingw_64/lib/cmake/Qt6Widgets/Qt6QModernWindowsStylePluginConfig.cmake",
		"D:/Qt/Tools/CMake_64/share/cmake-3.30/Modules/CMakeFindDependencyMacro.cmake",
		"D:/Qt/6.9.3/mingw_64/lib/cmake/Qt6Widgets/Qt6QModernWindowsStylePluginTargets.cmake",
		"D:/Qt/6.9.3/mingw_64/lib/cmake/Qt6Widgets/Qt6QModernWindowsStylePluginTargets-relwithdebinfo.cmake",
		"D:/Qt/6.9.3/mingw_64/lib/cmake/Qt6Widgets/Qt6QModernWindowsStylePluginAdditionalTargetInfo.cmake",
		"D:/Qt/6.9.3/mingw_64/lib/cmake/Qt6Widgets/Qt6WidgetsVersionlessAliasTargets.cmake",
		"D:/Qt/6.9.3/mingw_64/lib/cmake/Qt6Network/Qt6NetworkConfigVersion.cmake",
		"D:/Qt/6.9.3/mingw_64/lib/cmake/Qt6Network/Qt6NetworkConfigVersionImpl.cmake",
		"D:/Qt/6.9.3/mingw_64/lib/cmake/Qt6Network/Qt6NetworkConfig.cmake",
		"D:/Qt/Tools/CMake_64/share/cmake-3.30/Modules/CMakeFindDependencyMacro.cmake",
		"D:/Qt/6.9.3/mingw_64/lib/cmake/Qt6Network/Qt6NetworkDependencies.cmake",
		"D:/Qt/6.9.3/mingw_64/lib/cmake/Qt6Network/Qt6NetworkTargets.cmake",
		"D:/Qt/6.9.3/mingw_64/lib/cmake/Qt6Network/Qt6NetworkTargets-relwithdebinfo.cmake",
		"D:/Qt/6.9.3/mingw_64/lib/cmake/Qt6Network/Qt6NetworkAdditionalTargetInfo.cmake",
		"D:/Qt/6.9.3/mingw_64/lib/cmake/Qt6NetworkPrivate/Qt6NetworkPrivateConfigVersion.cmake",
		"D:/Qt/6.9.3/mingw_64/lib/cmake/Qt6NetworkPrivate/Qt6NetworkPrivateConfigVersionImpl.cmake",
		"D:/Qt/6.9.3/mingw_64/lib/cmake/Qt6NetworkPrivate/Qt6NetworkPrivateConfig.cmake",
		"D:/Qt/Tools/CMake_64/share/cmake-3.30/Modules/CMakeFindDependencyMacro.cmake",
		"D:/Qt/6.9.3/mingw_64/lib/cmake/Qt6NetworkPrivate/Qt6NetworkPrivateDependencies.cmake",
		"D:/Qt/6.9.3/mingw_64/lib/cmake/Qt6NetworkPrivate/Qt6NetworkPrivateTargets.cmake",
		"D:/Qt/6.9.3/mingw_64/lib/cmake/Qt6NetworkPrivate/Qt6NetworkPrivateAdditionalTargetInfo.cmake",
		"D:/Qt/6.9.3/mingw_64/lib/cmake/Qt6NetworkPrivate/Qt6NetworkPrivateVersionlessAliasTargets.cmake",
		"D:/Qt/6.9.3/mingw_64/lib/cmake/Qt6Network/Qt6NetworkPlugins.cmake",
		"D:/Qt/6.9.3/mingw_64/lib/cmake/Qt6Network/Qt6QNLMNIPluginConfig.cmake",
		"D:/Qt/Tools/CMake_64/share/cmake-3.30/Modules/CMakeFindDependencyMacro.cmake",
		"D:/Qt/6.9.3/mingw_64/lib/cmake/Qt6Network/Qt6QNLMNIPluginTargets.cmake",
		"D:/Qt/6.9.3/mingw_64/lib/cmake/Qt6Network/Qt6QNLMNIPluginTargets-relwithdebinfo.cmake",
		"D:/Qt/6.9.3/mingw_64/lib/cmake/Qt6Network/Qt6QNLMNIPluginAdditionalTargetInfo.cmake",
		"D:/Qt/6.9.3/mingw_64/lib/cmake/Qt6Network/Qt6QSchannelBackendPluginConfig.cmake",
		"D:/Qt/Tools/CMake_64/share/cmake-3.30/Modules/CMakeFindDependencyMacro.cmake",
		"D:/Qt/6.9.3/mingw_64/lib/cmake/Qt6Network/Qt6QSchannelBackendPluginTargets.cmake",
		"D:/Qt/6.9.3/mingw_64/lib/cmake/Qt6Network/Qt6QSchannelBackendPluginTargets-relwithdebinfo.cmake",
		"D:/Qt/6.9.3/mingw_64/lib/cmake/Qt6Network/Qt6QSchannelBackendPluginAdditionalTargetInfo.cmake",
		"D:/Qt/6.9.3/mingw_64/lib/cmake/Qt6Network/Qt6QTlsBackendCertOnlyPluginConfig.cmake",
		"D:/Qt/Tools/CMake_64/share/cmake-3.30/Modules/CMakeFindDependencyMacro.cmake",
		"D:/Qt/6.9.3/mingw_64/lib/cmake/Qt6Network/Qt6QTlsBackendCertOnlyPluginTargets.cmake",
		"D:/Qt/6.9.3/mingw_64/lib/cmake/Qt6Network/Qt6QTlsBackendCertOnlyPluginTargets-relwithdebinfo.cmake",
		"D:/Qt/6.9.3/mingw_64/lib/cmake/Qt6Network/Qt6QTlsBackendCertOnlyPluginAdditionalTargetInfo.cmake",
		"D:/Qt/6.9.3/mingw_64/lib/cmake/Qt6Network/Qt6QTlsBackendOpenSSLPluginConfig.cmake",
		"D:/Qt/Tools/CMake_64/share/cmake-3.30/Modules/CMakeFindDependencyMacro.cmake",
		"D:/Qt/6.9.3/mingw_64/lib/cmake/Qt6Network/Qt6QTlsBackendOpenSSLPluginTargets.cmake",
		"D:/Qt/6.9.3/mingw_64/lib/cmake/Qt6Network/Qt6QTlsBackendOpenSSLPluginTargets-relwithdebinfo.cmake",
		"D:/Qt/6.9.3/mingw_64/lib/cmake/Qt6Network/Qt6QTlsBackendOpenSSLPluginAdditionalTargetInfo.cmake",
		"D:/Qt/6.9.3/mingw_64/lib/cmake/Qt6Network/Qt6NetworkVersionlessAliasTargets.cmake",
		"D:/Qt/6.9.3/mingw_64/lib/cmake/Qt6/Qt6ConfigVersion.cmake",
		"D:/Qt/6.9.3/mingw_64/lib/cmake/Qt6/Qt6ConfigVersionImpl.cmake",
		"D:/Qt/6.9.3/mingw_64/lib/cmake/Qt6/Qt6Config.cmake",
		"D:/Qt/6.9.3/mingw_64/lib/cmake/Qt6/QtPublicCMakeEarlyPolicyHelpers.cmake",
		"D:/Qt/6.9.3/mingw_64/lib/cmake/Qt6/Qt6ConfigExtras.cmake",
		"D:/Qt/6.9.3/mingw_64/lib/cmake/Qt6/QtPublicCMakeVersionHelpers.cmake",
		"D:/Qt/6.9.3/mingw_64/lib/cmake/Qt6/QtPublicCMakeHelpers.cmake",
		"D:/Qt/6.9.3/mingw_64/lib/cmake/Qt6/QtInstallPaths.cmake",
		"D:/Qt/6.9.3/mingw_64/lib/cmake/Qt6/Qt6Targets.cmake",
		"D:/Qt/6.9.3/mingw_64/lib/cmake/Qt6/Qt6VersionlessAliasTargets.cmake",
		"D:/Qt/6.9.3/mingw_64/lib/cmake/Qt6/QtFeature.cmake",
		"D:/Qt/Tools/CMake_64/share/cmake-3.30/Modules/CheckCXXCompilerFlag.cmake",
		"D:/Qt/6.9.3/mingw_64/lib/cmake/Qt6/QtFeatureCommon.cmake",
		"D:/Qt/6.9.3/mingw_64/lib/cmake/Qt6/QtPublicAndroidHelpers.cmake",
		"D:/Qt/6.9.3/mingw_64/lib/cmake/Qt6/QtPublicAppleHelpers.cmake",
		"D:/Qt/6.9.3/mingw_64/lib/cmake/Qt6/QtPublicCMakeHelpers.cmake",
		"D:/Qt/6.9.3/mingw_64/lib/cmake/Qt6/QtPublicCMakeVersionHelpers.cmake",
		"D:/Qt/6.9.3/mingw_64/lib/cmake/Qt6/QtPublicDependencyHelpers.cmake",
		"D:/Qt/6.9.3/mingw_64/lib/cmake/Qt6/QtPublicExternalProjectHelpers.cmake",
		"D:/Qt/6.9.3/mingw_64/lib/cmake/Qt6/QtPublicFinalizerHelpers.cmake",
		"D:/Qt/6.9.3/mingw_64/lib/cmake/Qt6/QtPublicFindPackageHelpers.cmake",
		"D:/Qt/6.9.3/mingw_64/lib/cmake/Qt6/QtPublicGitHelpers.cmake",
		"D:/Qt/6.9.3/mingw_64/lib/cmake/Qt6/QtPublicPluginHelpers.cmake",
		"D:/Qt/6.9.3/mingw_64/lib/cmake/Qt6/QtPublicPluginHelpers_v2.cmake",
		"D:/Qt/6.9.3/mingw_64/lib/cmake/Qt6/QtPublicSbomAttributionHelpers.cmake",
		"D:/Qt/6.9.3/mingw_64/lib/cmake/Qt6/QtPublicSbomCpeHelpers.cmake",
		"D:/Qt/6.9.3/mingw_64/lib/cmake/Qt6/QtPublicSbomDepHelpers.cmake",
		"D:/Qt/6.9.3/mingw_64/lib/cmake/Qt6/QtPublicSbomFileHelpers.cmake",
		"D:/Qt/6.9.3/mingw_64/lib/cmake/Qt6/QtPublicSbomGenerationHelpers.cmake",
		"D:/Qt/6.9.3/mingw_64/lib/cmake/Qt6/QtPublicSbomHelpers.cmake",
		"D:/Qt/6.9.3/mingw_64/lib/cmake/Qt6/QtPublicSbomLicenseHelpers.cmake",
		"D:/Qt/6.9.3/mingw_64/lib/cmake/Qt6/QtPublicSbomOpsHelpers.cmake",
		"D:/Qt/6.9.3/mingw_64/lib/cmake/Qt6/QtPublicSbomPurlHelpers.cmake",
		"D:/Qt/6.9.3/mingw_64/lib/cmake/Qt6/QtPublicSbomPythonHelpers.cmake",
		"D:/Qt/6.9.3/mingw_64/lib/cmake/Qt6/QtPublicSbomQtEntityHelpers.cmake",
		"D:/Qt/6.9.3/mingw_64/lib/cmake/Qt6/QtPublicSbomSystemDepHelpers.cmake",
		"D:/Qt/6.9.3/mingw_64/lib/cmake/Qt6/QtPublicTargetHelpers.cmake",
		"D:/Qt/6.9.3/mingw_64/lib/cmake/Qt6/QtPublicTestHelpers.cmake",
		"D:/Qt/6.9.3/mingw_64/lib/cmake/Qt6/QtPublicToolHelpers.cmake",
		"D:/Qt/6.9.3/mingw_64/lib/cmake/Qt6/QtPublicWalkLibsHelpers.cmake",
		"D:/Qt/6.9.3/mingw_64/lib/cmake/Qt6/QtPublicWindowsHelpers.cmake",
		"D:/Qt/Tools/CMake_64/share/cmake-3.30/Modules/CMakeFindDependencyMacro.cmake",
		"D:/Qt/6.9.3/mingw_64/lib/cmake/Qt6/Qt6Dependencies.cmake",
		"D:/Qt/Tools/CMake_64/share/cmake-3.30/Modules/GNUInstallDirs.cmake"
	],
	"CMAKE_SOURCE_DIR" : "D:/vpn_win/PBL4---Build-a-VPN-system",
	"CROSS_CONFIG" : false,
	"DEP_FILE" : "D:/vpn_win/PBL4---Build-a-VPN-system/build/Desktop_Qt_6_9_3_MinGW_64_bit-Release/vpn_client_win_autogen/deps",
	"DEP_FILE_RULE_NAME" : "vpn_client_win_autogen/timestamp",
	"HEADERS" : 
	[
		[
			"D:/vpn_win/PBL4---Build-a-VPN-system/crypto_client.h",
			"MU",
			"EWIEGA46WW/moc_crypto_client.cpp",
			null
		],
		[
			"D:/vpn_win/PBL4---Build-a-VPN-system/mainwindow.h",
			"MU",
			"EWIEGA46WW/moc_mainwindow.cpp",
			null
		],
		[
			"D:/vpn_win/PBL4---Build-a-VPN-system/tls_wrapper_client.h",
			"MU",
			"EWIEGA46WW/moc_tls_wrapper_client.cpp",
			null
		],
		[
			"D:/vpn_win/PBL4---Build-a-VPN-system/tun_interface.h",
			"MU",
			"EWIEGA46WW/moc_tun_interface.cpp",
			null
		],
		[
			"D:/vpn_win/PBL4---Build-a-VPN-system/vpn_client.h",
			"MU",
			"EWIEGA46WW/moc_vpn_client.cpp",
			null
		]
	],
	"HEADER_EXTENSIONS" : [ "h", "hh", "h++", "hm", "hpp", "hxx", "in", "txx" ],
	"INCLUDE_DIR" : "D:/vpn_win/PBL4---Build-a-VPN-system/build/Desktop_Qt_6_9_3_MinGW_64_bit-Release/vpn_client_win_autogen/include",
	"MOC_COMPILATION_FILE" : "D:/vpn_win/PBL4---Build-a-VPN-system/build/Desktop_Qt_6_9_3_MinGW_64_bit-Release/vpn_client_win_autogen/mocs_compilation.cpp",
	"MOC_DEFINITIONS" : 
	[
		"MINGW_HAS_SECURE_API=1",
		"NOMINMAX",
		"QT_CORE_LIB",
		"QT_GUI_LIB",
		"QT_NEEDS_QMAIN",
		"QT_NETWORK_LIB",
		"QT_NO_DEBUG",
		"QT_WIDGETS_LIB",
		"UNICODE",
		"WIN32",
		"WIN32_LEAN_AND_MEAN",
		"WIN64",
		"_ENABLE_EXTENDED_ALIGNED_STORAGE",
		"_UNICODE",
		"_WIN32",
		"_WIN64"
	],
	"MOC_DEPEND_FILTERS" : 
	[
		[
			"Q_PLUGIN_METADATA",
			"[\n][ \t]*Q_PLUGIN_METADATA[ \t]*\\([^\\)]*FILE[ \t]*\"([^\"]+)\""
		]
	],
	"MOC_INCLUDES" : 
	[
		"C:/Program Files/OpenSSL-Win64/include",
		"D:/Qt/6.9.3/mingw_64/include/QtCore",
		"D:/Qt/6.9.3/mingw_64/include",
		"D:/Qt/6.9.3/mingw_64/mkspecs/win32-g++",
		"D:/Qt/6.9.3/mingw_64/include/QtWidgets",
		"D:/Qt/6.9.3/mingw_64/include/QtGui",
		"D:/Qt/6.9.3/mingw_64/include/QtNetwork",
		"D:/Qt/Tools/mingw1310_64/lib/gcc/x86_64-w64-mingw32/13.1.0/include/c++",
		"D:/Qt/Tools/mingw1310_64/lib/gcc/x86_64-w64-mingw32/13.1.0/include/c++/x86_64-w64-mingw32",
		"D:/Qt/Tools/mingw1310_64/lib/gcc/x86_64-w64-mingw32/13.1.0/include/c++/backward",
		"D:/Qt/Tools/mingw1310_64/lib/gcc/x86_64-w64-mingw32/13.1.0/include",
		"D:/Qt/Tools/mingw1310_64/lib/gcc/x86_64-w64-mingw32/13.1.0/include-fixed",
		"D:/Qt/Tools/mingw1310_64/x86_64-w64-mingw32/include"
	],
	"MOC_MACRO_NAMES" : 
	[
		"Q_OBJECT",
		"Q_GADGET",
		"Q_NAMESPACE",
		"Q_NAMESPACE_EXPORT",
		"Q_GADGET_EXPORT",
		"Q_ENUM_NS"
	],
	"MOC_OPTIONS" : [ "-DWIN32" ],
	"MOC_PATH_PREFIX" : false,
	"MOC_PREDEFS_CMD" : 
	[
		"D:/Qt/Tools/mingw1310_64/bin/g++.exe",
		"-std=gnu++17",
		"-dM",
		"-E",
		"-c",
		"D:/Qt/Tools/CMake_64/share/cmake-3.30/Modules/CMakeCXXCompilerABI.cpp"
	],
	"MOC_PREDEFS_FILE" : "D:/vpn_win/PBL4---Build-a-VPN-system/build/Desktop_Qt_6_9_3_MinGW_64_bit-Release/vpn_client_win_autogen/moc_predefs.h",
	"MOC_RELAXED_MODE" : false,
	"MOC_SKIP" : [],
	"MULTI_CONFIG" : false,
	"PARALLEL" : 4,
	"PARSE_CACHE_FILE" : "D:/vpn_win/PBL4---Build-a-VPN-system/build/Desktop_Qt_6_9_3_MinGW_64_bit-Release/CMakeFiles/vpn_client_win_autogen.dir/ParseCache.txt",
	"QT_MOC_EXECUTABLE" : "D:/Qt/6.9.3/mingw_64/bin/moc.exe",
	"QT_UIC_EXECUTABLE" : "D:/Qt/6.9.3/mingw_64/bin/uic.exe",
	"QT_VERSION_MAJOR" : 6,
	"QT_VERSION_MINOR" : 9,
	"SETTINGS_FILE" : "D:/vpn_win/PBL4---Build-a-VPN-system/build/Desktop_Qt_6_9_3_MinGW_64_bit-Release/CMakeFiles/vpn_client_win_autogen.dir/AutogenUsed.txt",
	"SOURCES" : 
	[
		[ "D:/vpn_win/PBL4---Build-a-VPN-system/crypto_client.cpp", "MU", null ],
		[ "D:/vpn_win/PBL4---Build-a-VPN-system/main.cpp", "MU", null ],
		[ "D:/vpn_win/PBL4---Build-a-VPN-system/mainwindow.cpp", "MU", null ],
		[
			"D:/vpn_win/PBL4---Build-a-VPN-system/tls_wrapper_client.cpp",
			"MU",
			null
		],
		[
			"D:/vpn_win/PBL4---Build-a-VPN-system/tun_interface_win.cpp",
			"MU",
			null
		],
		[ "D:/vpn_win/PBL4---Build-a-VPN-system/vpn_client.cpp", "MU", null ]
	],
	"UIC_OPTIONS" : [],
	"UIC_SEARCH_PATHS" : [],
	"UIC_SKIP" : [],
	"UIC_UI_FILES" : [],
	"USE_BETTER_GRAPH" : true,
	"VERBOSITY" : 0
}
